<uavTeam>
	<uav id="U1">
		<name>M300</name>
		<mass>7.2</mass>
		<number_of_Rotors>4</number_of_Rotors>
		<rotor_Blades>2</rotor_Blades>
		<rotor_Radius>0.2667</rotor_Radius>
		<blade_Chord>0.0247</blade_Chord>
		<lift_Coefficient>1.01</lift_Coefficient>
		<drag_Coefficient>0.01</drag_Coefficient>
		<kappa>1.15</kappa>
		<eta>0.72</eta>
		<K_mu>4.65</K_mu>
		<flat_area>0.35</flat_area>
		<camera>True</camera>
		<battery>
			<type>battery</type>
			<capacity>5935</capacity>
			<cells>1</cells>
			<volts_per_cell>52.8</volts_per_cell>
		</battery>
	</uav>
	<uav id="U2">
		<name>A66</name>
		<mass>7.7</mass>
		<number_of_Rotors>8</number_of_Rotors>
		<rotor_Blades>4</rotor_Blades>
		<rotor_Radius>0.2557</rotor_Radius>
		<blade_Chord>0.0257</blade_Chord>
		<lift_Coefficient>1.03</lift_Coefficient>
		<drag_Coefficient>0.02</drag_Coefficient>
		<kappa>1.13</kappa>
		<eta>0.74</eta>
		<K_mu>4.8</K_mu>
		<flat_area>0.45</flat_area>
		<camera>False</camera>
		<battery>
			<type>battery</type>
			<capacity>15935</capacity>
			<cells>1</cells>
			<volts_per_cell>52.8</volts_per_cell>
		</battery>
	</uav>

	<uav id="U3">
		<name>A66</name>
		<mass>7.7</mass>
		<number_of_Rotors>8</number_of_Rotors>
		<rotor_Blades>4</rotor_Blades>
		<rotor_Radius>0.2557</rotor_Radius>
		<blade_Chord>0.0257</blade_Chord>
		<lift_Coefficient>1.03</lift_Coefficient>
		<drag_Coefficient>0.02</drag_Coefficient>
		<kappa>1.13</kappa>
		<eta>0.74</eta>
		<K_mu>4.8</K_mu>
		<flat_area>0.45</flat_area>
		<camera>False</camera>
		<battery>
			<type>battery</type>
			<capacity>3935</capacity>
			<cells>1</cells>
			<volts_per_cell>52.8</volts_per_cell>
		</battery>
	</uav>

</uavTeam>